Title,URL,MatchedWith
POST 78,https://www.google.com/maps/place/POST+78/data=!4m2!3m1!1s0x6018f4d912bb72b5:0x7ed1dd6e1f3007bc,POST 78
KURACURA,https://www.google.com/maps/place/KURACURA/data=!4m2!3m1!1s0x60188d001c625673:0x5145257fb16dc87c,KURACURA
li binary,https://www.google.com/maps/place/li+binary/data=!4m2!3m1!1s0x60008fa098eb0313:0x451259c6e02f1a12,li binary
Ephraim sapporo,https://www.google.com/maps/place/Ephraim+sapporo/data=!4m2!3m1!1s0x5f0b2969dfcc33db:0x9589d6d255f9b64c,Ephraim sapporo
Retikle(レティクル),https://www.google.com/maps/place/Retikle(%E3%83%AC%E3%83%86%E3%82%A3%E3%82%AF%E3%83%AB)/data=!4m2!3m1!1s0x35540747f3ec6895:0x93593b9649d1873f,Retikle(レティクル)
REBIRTH,https://www.google.com/maps/place/REBIRTH/data=!4m2!3m1!1s0x6018f359bbfe7581:0x8162c94165a9e606,REBIRTH
etoqk,https://www.google.com/maps/place/etoqk/data=!4m2!3m1!1s0x35540777c87d685f:0x7552052ef81b3772,etoqk
THE ENTRANCE,https://www.google.com/maps/place/THE+ENTRANCE/data=!4m2!3m1!1s0x601ef373dc3cd7f5:0xb10be178261c8227,THE ENTRANCE
UNPLUGGED (アンプラグド),https://www.google.com/maps/place/UNPLUGGED+(%E3%82%A2%E3%83%B3%E3%83%97%E3%83%A9%E3%82%B0%E3%83%89)/data=!4m2!3m1!1s0x5f0b298ffb8f6085:0x5610a5a63fe73702,UNPLUGGED (アンプラグド)
美容院 kiow,https://www.google.com/maps/place/%E7%BE%8E%E5%AE%B9%E9%99%A2+kiow/data=!4m2!3m1!1s0x355aa329aefc03d9:0xfec824e620f37ec,美容院 kiow
Oasis the Surreal,https://www.google.com/maps/place/Oasis+the+Surreal/data=!4m2!3m1!1s0x6018e5db83a4cc2d:0x5d8dffc624a6ca0e,Oasis the Surreal
見た目！/mitame!,https://www.google.com/maps/place/%E8%A6%8B%E3%81%9F%E7%9B%AE%EF%BC%81%2Fmitame!/data=!4m2!3m1!1s0x60188d76da3464cf:0x86fd22565248774f,見た目！/mitame!
warming,https://www.google.com/maps/place/warming/data=!4m2!3m1!1s0x6018f360e8d4d3c1:0x737a229e60373dea,warming
モードの悲劇,https://www.google.com/maps/place/%E3%83%A2%E3%83%BC%E3%83%89%E3%81%AE%E6%82%B2%E5%8A%87/data=!4m2!3m1!1s0x60188fedff1b412f:0x82eb3deaf5cf4cb4,モードの悲劇
UNEVEN HUB STORE,https://www.google.com/maps/place/UNEVEN+HUB+STORE/data=!4m2!3m1!1s0x600377536350a7a3:0x7b0e34ac02281c8a,UNEVEN HUB STORE
daheq（ダヘク）,https://www.google.com/maps/place/daheq%EF%BC%88%E3%83%80%E3%83%98%E3%82%AF%EF%BC%89/data=!4m2!3m1!1s0x6018f301198e6769:0x388e1bbacd8c6367,daheq（ダヘク）
GERALD,https://www.google.com/maps/place/GERALD/data=!4m2!3m1!1s0x60188ce33035cecb:0x25edfc1b91599646,GERALD
TUNAGIjapan,https://www.google.com/maps/place/TUNAGIjapan/data=!4m2!3m1!1s0x60188ca8be68e503:0xb66c852dc3c1bf83,TUNAGIjapan
十四才,https://www.google.com/maps/place/%E5%8D%81%E5%9B%9B%E6%89%8D/data=!4m2!3m1!1s0x6000e711eea4855f:0x5eebed44f9761903,十四才
PURITY,https://www.google.com/maps/place/PURITY/data=!4m2!3m1!1s0x6018f50044bf00c1:0x10184750d7fe461a,PURITY
LIVING,https://www.google.com/maps/place/LIVING/data=!4m2!3m1!1s0x354e1954f684e6ab:0x7902e5932a5cc4f1,LIVING
OHWER,https://www.google.com/maps/place/OHWER/data=!4m2!3m1!1s0x6018f30075ee0a9d:0x990cb6adda3c80c4,OHWER
POETRY,https://www.google.com/maps/place/POETRY/data=!4m2!3m1!1s0x60037b1a7d0f4bf3:0xc91aaa102d31839c,POETRY
itocaci,https://www.google.com/maps/place/itocaci/data=!4m2!3m1!1s0x6000e683fe309e09:0xf4e68a40878b97e9,itocaci
hibi,https://www.google.com/maps/place/hibi/data=!4m2!3m1!1s0x6000e77e9010c0bb:0xc2bf9ec939e24d9d,hibi
elephants,https://www.google.com/maps/place/elephants/data=!4m2!3m1!1s0x60010931f416d2cb:0x2f2435b542000e98,elephants
フォンドット（ＶＯＮＤＯＴ）,https://www.google.com/maps/place/%E3%83%95%E3%82%A9%E3%83%B3%E3%83%89%E3%83%83%E3%83%88%EF%BC%88%EF%BC%B6%EF%BC%AF%EF%BC%AE%EF%BC%A4%EF%BC%AF%EF%BC%B4%EF%BC%89/data=!4m2!3m1!1s0x5ff7905faf43cebb:0x172cb94e6f27ac09,フォンドット（ＶＯＮＤＯＴ）
iii3,https://www.google.com/maps/place/iii3/data=!4m2!3m1!1s0x60189cdfd1cb5737:0x5f0233c58cb7ca14,iii3
I/O PORT,https://www.google.com/maps/place/I%2FO+PORT/data=!4m2!3m1!1s0x5ff7af2b86a6e1f7:0x8a2460ad51f922a2,I/O PORT
Softs,https://www.google.com/maps/place/Softs/data=!4m2!3m1!1s0x6018ee37fc20c675:0xceb0fa3e1e01acc7,Softs
Leave Me Alone,https://www.google.com/maps/place/Leave+Me+Alone/data=!4m2!3m1!1s0x5ff5a96a94be5a37:0xa2c83998c6f06984,Leave Me Alone
THE FOUR-EYED,https://www.google.com/maps/place/THE+FOUR-EYED/data=!4m2!3m1!1s0x60188cd937dc0001:0xf120c326a86127ec,THE FOUR-EYED
UTILITY - ユーティリティ原宿,https://www.google.com/maps/place/UTILITY+-+%E3%83%A6%E3%83%BC%E3%83%86%E3%82%A3%E3%83%AA%E3%83%86%E3%82%A3%E5%8E%9F%E5%AE%BF/data=!4m2!3m1!1s0x60188ca3389c9117:0x6297a489fe8c4046,UTILITY - ユーティリティ原宿
Select Recycle Shop MUGI,https://www.google.com/maps/place/Select+Recycle+Shop+MUGI/data=!4m2!3m1!1s0x5ff83322487f7a6d:0xe6ec43ba51674a9e,Select Recycle Shop MUGI
GENT,https://www.google.com/maps/place/GENT/data=!4m2!3m1!1s0x5ff8347926415c3b:0xe14793907555d341,GENT
divka / atelier - tokyo,https://www.google.com/maps/place/divka+%2F+atelier+-+tokyo/data=!4m2!3m1!1s0x60188be4021880ef:0xafb0113715c77423,divka / atelier - tokyo
030,https://www.google.com/maps/place/030/data=!4m2!3m1!1s0x60188d000ddd1051:0xcdcbf1b08917302c,030
BerBerJin,https://www.google.com/maps/place/BerBerJin/data=!4m2!3m1!1s0x60188ca33b07e205:0xd7949aa6e7d105dc,BerBerJin
LEV MARKET,https://www.google.com/maps/place/LEV+MARKET/data=!4m2!3m1!1s0x60188d0035a34f3b:0xd4dc1dccd99fa3f1,lev.market
HAZE,https://www.google.com/maps/place/HAZE/data=!4m2!3m1!1s0x5ff83479a4dd3c31:0x5510b2fec5b3a4b3,HAZE
Mode Off,https://www.google.com/maps/place/Mode+Off/data=!4m2!3m1!1s0x60188adbc1e61e53:0xa13e0c6272bb0204,Mode Off
Portration,https://www.google.com/maps/place/Portration/data=!4m2!3m1!1s0x60188db19dd79f8f:0x8fdeffa7ffe9bf93,Portration
Trading Museum Comme des Garçons,https://www.google.com/maps/place/Trading+Museum+Comme+des+Gar%C3%A7ons/data=!4m2!3m1!1s0x60188ca3f074bc8b:0xc1c0c3d937f6e9b3,Trading Museum Comme des Garçons
BYRE,https://www.google.com/maps/place/BYRE/data=!4m2!3m1!1s0x6018f1d6a9d4ad33:0xd775d8c79b86d94c,BYRE
American Graffiti,https://www.google.com/maps/place/American+Graffiti/data=!4m2!3m1!1s0x6018f13a4a736ba5:0xd5d1795efc58f3bf,American Graffiti
