Title,Note,URL,Tags,Comment
What'z up,,https://www.google.com/maps/place/What'z+up/data=!4m2!3m1!1s0x60188ca30ccf5c27:0x98752c07b9e70812,,
CETTEN Kyoto,,https://www.google.com/maps/place/CETTEN+Kyoto/data=!4m2!3m1!1s0x600109835cf837e9:0x2da5f66dc356cb0a,,
OBJECT,,https://www.google.com/maps/place/OBJECT/data=!4m2!3m1!1s0x6000e7e42d0b74f3:0xd51ed7adc16e5b7f,,
5-key vintage&archive clothing,,https://www.google.com/maps/place/5-key+vintage%26archive+clothing/data=!4m2!3m1!1s0x60188f324e9da709:0x52b0df9c44f4a94,,
"‘käm,rad",,"https://www.google.com/maps/place/%E2%80%98k%C3%A4m,rad/data=!4m2!3m1!1s0x601adf354a33185f:0x258d66a4b420329f",,
1ten(イッテン) ブランド古着 買取 販売 ヴィンテージ・アンティークセレクト,,https://www.google.com/maps/place/1ten(%E3%82%A4%E3%83%83%E3%83%86%E3%83%B3)+%E3%83%96%E3%83%A9%E3%83%B3%E3%83%89%E5%8F%A4%E7%9D%80+%E8%B2%B7%E5%8F%96+%E8%B2%A9%E5%A3%B2+%E3%83%B4%E3%82%A3%E3%83%B3%E3%83%86%E3%83%BC%E3%82%B8%E3%83%BB%E3%82%A2%E3%83%B3%E3%83%86%E3%82%A3%E3%83%BC%E3%82%AF%E3%82%BB%E3%83%AC%E3%82%AF%E3%83%88/data=!4m2!3m1!1s0x601a2b1571c51ddb:0x4ef6243cff7fed19,,
jipae,,https://www.google.com/maps/place/jipae/data=!4m2!3m1!1s0x60188f002ee20def:0xa041668653a74fd6,,
Kuro BENZ,,https://www.google.com/maps/place/Kuro+BENZ/data=!4m2!3m1!1s0x6018f27d4f277d6b:0x4deb2a8b17b0ee24,,
豪徳寺の圧縮,,https://www.google.com/maps/place/%E8%B1%AA%E5%BE%B3%E5%AF%BA%E3%81%AE%E5%9C%A7%E7%B8%AE/data=!4m2!3m1!1s0x6018f300762d6711:0x1c589e69a6f0665,,
soke（ソーク）,,https://www.google.com/maps/place/soke%EF%BC%88%E3%82%BD%E3%83%BC%E3%82%AF%EF%BC%89/data=!4m2!3m1!1s0x6018f3147def9a81:0x76b9a981cd3f76f1,,
La Grande Lue,,https://www.google.com/maps/place/La+Grande+Lue/data=!4m2!3m1!1s0x6000db3e20bbe99d:0x1382b18149dd2e85,,
Nerdy Dogs,,https://www.google.com/maps/place/Nerdy+Dogs/data=!4m2!3m1!1s0x6018f31f3c32063f:0xc1dba317d15cf3cc,,
Boogie,,https://www.google.com/maps/place/Boogie/data=!4m2!3m1!1s0x6018ee470c3b4a95:0x6b5ad456e76d2fd4,,
nook,,https://www.google.com/maps/place/nook/data=!4m2!3m1!1s0x6018f4d8913bffff:0x115682bd1727ab6c,,
GARAGE SHOP 246店,,https://www.google.com/maps/place/GARAGE+SHOP+246%E5%BA%97/data=!4m2!3m1!1s0x6018f498bb627cf7:0x150ed9efb9ddac84,,
LECHENKO,,https://www.google.com/maps/place/LECHENKO/data=!4m2!3m1!1s0x6018f50063d2dc19:0x217982d04a2e66a3,,
BEAMS GINZA,,https://www.google.com/maps/place/BEAMS+GINZA/data=!4m2!3m1!1s0x60188be5d215099d:0x7375e534ad42624a,,
King of Fools Designers Vintage,,https://www.google.com/maps/place/King+of+Fools+Designers+Vintage/data=!4m2!3m1!1s0x6018f5007590ccb1:0xdd274841802bef65,,
樂商店,,https://www.google.com/maps/place/%E6%A8%82%E5%95%86%E5%BA%97/data=!4m2!3m1!1s0x6018f57b2f55cdf5:0x570dac557a1854e4,,
BANK,,https://www.google.com/maps/place/BANK/data=!4m2!3m1!1s0x6018f4a21303ffff:0x13aba00819961021,,
Mecha,,https://www.google.com/maps/place/Mecha/data=!4m2!3m1!1s0x6018f27d54c44227:0xbb233b95674962e4,,
Iroha,,https://www.google.com/maps/place/Iroha/data=!4m2!3m1!1s0x6018f36b1470778d:0xa9269f321a02e97c,,
VNL,,https://www.google.com/maps/place/VNL/data=!4m2!3m1!1s0x6000e7f791b04d65:0xad16122d5af1238,,
SHOP band 中崎本店,,https://www.google.com/maps/place/SHOP+band+%E4%B8%AD%E5%B4%8E%E6%9C%AC%E5%BA%97/data=!4m2!3m1!1s0x6000e7334edde6e1:0x4e1d24ae49fb5dc2,,
VOU/棒,,https://www.google.com/maps/place/VOU%2F%E6%A3%92/data=!4m2!3m1!1s0x60010897586c0001:0x977d2c3433883424,,
"""＋"" plus",,https://www.google.com/maps/place/%22%EF%BC%8B%22+plus/data=!4m2!3m1!1s0x6000e77f67515773:0x3ef55db093cab385,,
古着屋BLAME,,https://www.google.com/maps/place/%E5%8F%A4%E7%9D%80%E5%B1%8BBLAME/data=!4m2!3m1!1s0x600377ed49c2252b:0x6af4cc01fafc6ae8,,
Marvin’s,,https://www.google.com/maps/place/Marvin%E2%80%99s/data=!4m2!3m1!1s0x60188ca5d2dd2b3b:0x9e56bfb63dc45923,,
4b,,https://www.google.com/maps/place/4b/data=!4m2!3m1!1s0x60188b3f993a4eb9:0x998e840dcd3668ab,,
CREEP STORE,,https://www.google.com/maps/place/CREEP+STORE/data=!4m2!3m1!1s0x60188d1690640c73:0x1fbec76949295c1e,,
UNDER THE SUN,,https://www.google.com/maps/place/UNDER+THE+SUN/data=!4m2!3m1!1s0x6018f5cbbd2f8897:0x15f00cdf2bfcf94d,,
XXNT TOKYO 三軒茶屋 古着屋,,https://www.google.com/maps/place/XXNT+TOKYO+%E4%B8%89%E8%BB%92%E8%8C%B6%E5%B1%8B+%E5%8F%A4%E7%9D%80%E5%B1%8B/data=!4m2!3m1!1s0x6018f3cc4bb96003:0xd93031f8b1c369ae,,
LAILA,,https://www.google.com/maps/place/LAILA/data=!4m2!3m1!1s0x60188ca060055555:0x3a50f19d860bddd6,,
LAILA TOKIO,,https://www.google.com/maps/place/LAILA+TOKIO/data=!4m2!3m1!1s0x60188be2c6b826ef:0x34eb7050298baaa6,,
Carol,,https://www.google.com/maps/place/Carol/data=!4m2!3m1!1s0x60188ca6ee66bf5d:0x73cae35376baffc,,
from the mind,,https://www.google.com/maps/place/from+the+mind/data=!4m2!3m1!1s0x60188d2b6072f429:0x50cc553738e34694,,
NOW2,,https://www.google.com/maps/place/NOW2/data=!4m2!3m1!1s0x60188dc0eead507d:0x41902a1e64fe0a29,,
Pion room,,https://www.google.com/maps/place/Pion+room/data=!4m2!3m1!1s0x60188d003f64b2df:0x14e15df79ee28948,,
BOW CITY,,https://www.google.com/maps/place/BOW+CITY/data=!4m2!3m1!1s0x60188d3323b713dd:0x6b9c0482febd325b,,
LUV U 2 THE MOON HARAJUKU,,https://www.google.com/maps/place/LUV+U+2+THE+MOON+HARAJUKU/data=!4m2!3m1!1s0x60188db79f740269:0x89570fd0bbf5cc2c,,
Coalmind,,https://www.google.com/maps/place/Coalmind/data=!4m2!3m1!1s0x5ff4c9004eea2867:0x4a24fd56be951ac4,,
1 Banchō-676-2 Furumachidōri,,https://www.google.com/maps/place/1+Banch%C5%8D-676-2+Furumachid%C5%8Dri/data=!4m2!3m1!1s0x5ff4c9ea624ae8c7:0x601311cdbed742e9,,
SO NAKAMEGURO SHOP&HOSTEL Clothing store,,https://www.google.com/maps/place/SO+NAKAMEGURO+SHOP%26HOSTEL+Clothing+store/data=!4m2!3m1!1s0x60188b36d9186105:0xbca98c3c82da8e52,,
古着屋 KROOL,,https://www.google.com/maps/place/%E5%8F%A4%E7%9D%80%E5%B1%8B+KROOL/data=!4m2!3m1!1s0x6000e700d615819f:0xb6b54442fac7d5dd,,
Nude Trump,,https://www.google.com/maps/place/Nude+Trump/data=!4m2!3m1!1s0x60188ca8971f4f55:0x861445814923f361,,
LeeLoo Koenji / 古着屋,,https://www.google.com/maps/place/LeeLoo+Koenji+%2F+%E5%8F%A4%E7%9D%80%E5%B1%8B/data=!4m2!3m1!1s0x6018f373eabebaf7:0x4c525f5cc976b6a9,,
Anemone,,https://www.google.com/maps/place/Anemone/data=!4m2!3m1!1s0x6018f27d223f160d:0xb8bbc5436ef7ce1a,,
古着買取 BAZZSTORE吉祥寺ダイヤ街店(バズストア),,https://www.google.com/maps/place/%E5%8F%A4%E7%9D%80%E8%B2%B7%E5%8F%96+BAZZSTORE%E5%90%89%E7%A5%A5%E5%AF%BA%E3%83%80%E3%82%A4%E3%83%A4%E8%A1%97%E5%BA%97(%E3%83%90%E3%82%BA%E3%82%B9%E3%83%88%E3%82%A2)/data=!4m2!3m1!1s0x6018efdd638e9301:0x9f6074996930bcf5,,
FOL SHOP,,https://www.google.com/maps/place/FOL+SHOP/data=!4m2!3m1!1s0x6018f3081b1e7f4f:0x934e688e7a6f65ac,,
"Rock Shop, Hard Rock Cafe Roppongi",,"https://www.google.com/maps/place/Rock+Shop,+Hard+Rock+Cafe+Roppongi/data=!4m2!3m1!1s0x60188b9d0449010b:0x92a085ed5a83511f",,
Sanrio Gift Gate Asakusa,,https://www.google.com/maps/place/Sanrio+Gift+Gate+Asakusa/data=!4m2!3m1!1s0x60188f71c8c137d3:0x7d19e1f830cb2e1c,,
oval,,https://www.google.com/maps/place/oval/data=!4m2!3m1!1s0x6018f5b3eb3de003:0x641e9b049b73c603,,
okidoki,,https://www.google.com/maps/place/okidoki/data=!4m2!3m1!1s0x6018f35c8a8055db:0x6642244fca9054eb,,
stroboscope,,https://www.google.com/maps/place/stroboscope/data=!4m2!3m1!1s0x6018f36988f5dc85:0xae6db2a98b7ceea1,,
LOFTMAN TOKYO,,https://www.google.com/maps/place/LOFTMAN+TOKYO/data=!4m2!3m1!1s0x6018f3cf533204f3:0x40ff1d691f686bc2,,
TreFacStyle Tachikawa,,https://www.google.com/maps/place/TreFacStyle+Tachikawa/data=!4m2!3m1!1s0x6018e170c4af5a5f:0x4ba311cacdf3a3ea,,
BOOKOFF SUPER BAZAAR Tachikawa Station North Exit Store,,https://www.google.com/maps/place/BOOKOFF+SUPER+BAZAAR+Tachikawa+Station+North+Exit+Store/data=!4m2!3m1!1s0x6018e1707eb2201f:0x7e428fb225bb26fc,,
RAGTAGルミネ立川店,,https://www.google.com/maps/place/RAGTAG%E3%83%AB%E3%83%9F%E3%83%8D%E7%AB%8B%E5%B7%9D%E5%BA%97/data=!4m2!3m1!1s0x6018e1df04926459:0x4e5241fdba44eb92,,
2nd Street Tachikawa,,https://www.google.com/maps/place/2nd+Street+Tachikawa/data=!4m2!3m1!1s0x6018e170074c69b7:0xf732342a35c38d9c,,
SUNSET,,https://www.google.com/maps/place/SUNSET/data=!4m2!3m1!1s0x6018e164cbbeaaab:0x4d759f3f0c34fe75,,
cosmic__sendai,,https://www.google.com/maps/place/cosmic__sendai/data=!4m2!3m1!1s0x5f8a29000f428e4b:0xf52e41b28b68e46b,,
Luxury&Vintage Kasacolle【カサコレ】,,https://www.google.com/maps/place/Luxury%26Vintage+Kasacolle%E3%80%90%E3%82%AB%E3%82%B5%E3%82%B3%E3%83%AC%E3%80%91/data=!4m2!3m1!1s0x60188d4a930d78dd:0x6b928c82a92d918f,,
Léon 新宿店,,https://www.google.com/maps/place/L%C3%A9on+%E6%96%B0%E5%AE%BF%E5%BA%97/data=!4m2!3m1!1s0x60188d0cd65e5899:0x4ab6da0b37092187,,
DC BANK,,https://www.google.com/maps/place/DC+BANK/data=!4m2!3m1!1s0x60188cdb81d5f3d9:0x49358a5353a44d70,,
AFTER-FIVE,,https://www.google.com/maps/place/AFTER-FIVE/data=!4m2!3m1!1s0x601887baee3dca7b:0xd6e655e1d40d8670,,
ROMA,,https://www.google.com/maps/place/ROMA/data=!4m2!3m1!1s0x60189dc44f90aebd:0x9d6603b173c94796,,
BOOKOFF SUPER BAZAAR 14gou Chiba Makuhari Store,,https://www.google.com/maps/place/BOOKOFF+SUPER+BAZAAR+14gou+Chiba+Makuhari+Store/data=!4m2!3m1!1s0x60228185f1dfbbb5:0x80ace90cf579d9eb,,
easypop,,https://www.google.com/maps/place/easypop/data=!4m2!3m1!1s0x6018e44a442ff507:0x1eaaddb4c7d267b6,,
LHP 上野,,https://www.google.com/maps/place/LHP+%E4%B8%8A%E9%87%8E/data=!4m2!3m1!1s0x60188f3b3eefd5b3:0x7efd744e5a5c4c3a,,
UNION,,https://www.google.com/maps/place/UNION/data=!4m2!3m1!1s0x60008fc02f814097:0x21998ac2ad5eee1a,,
FORTY FIVE,,https://www.google.com/maps/place/FORTY+FIVE/data=!4m2!3m1!1s0x3554075e8ff83937:0xab9935fa27018af2,,
suwes,,https://www.google.com/maps/place/suwes/data=!4m2!3m1!1s0x60188d99abc30065:0x934c299a5d5c8100,,
MAISON PARK,,https://www.google.com/maps/place/MAISON+PARK/data=!4m2!3m1!1s0x6000e7406524fd13:0x41f6eb45e3828e49,,
1999 used clothing store,,https://www.google.com/maps/place/1999+used+clothing+store/data=!4m2!3m1!1s0x601f2f3ca8262455:0xf6e3ca8813803090,,
J’ai la peche,,https://www.google.com/maps/place/J%E2%80%99ai+la+peche/data=!4m2!3m1!1s0x60008f007ea13125:0xe70e1df7f01b348b,,
ESSENCE store Osaka,,https://www.google.com/maps/place/ESSENCE+store+Osaka/data=!4m2!3m1!1s0x6000e71c325e9989:0x96609273378ec5b6,,
Mukta / Sal,,https://www.google.com/maps/place/Mukta+%2F+Sal/data=!4m2!3m1!1s0x60008ee70f6fc05d:0x10033d5ae6bb80d1,,
ERAS,,https://www.google.com/maps/place/ERAS/data=!4m2!3m1!1s0x6018f30076511949:0x2752ccd1b4e5bb97,,
STYLE 202,,https://www.google.com/maps/place/STYLE+202/data=!4m2!3m1!1s0x60188d69b1d4fcf7:0x9e275acdc4765960,,
THE ANTHOLOGY Vintage Used Clothing & Records,,https://www.google.com/maps/place/THE+ANTHOLOGY+Vintage+Used+Clothing+%26+Records/data=!4m2!3m1!1s0x6018f58d06bf7ffd:0xb2852019b34a401e,,
Doma bldg,,https://www.google.com/maps/place/Doma+bldg/data=!4m2!3m1!1s0x6018f3faf8e3fca1:0x31f2320ae23d3c41,,
keylime Tokyo,,https://www.google.com/maps/place/keylime+Tokyo/data=!4m2!3m1!1s0x6018f5821e5b9c7b:0x2f46a3bb2ccabfa0,,
dracaena 古着屋ドラセナ 吉祥寺 本店,,https://www.google.com/maps/place/dracaena+%E5%8F%A4%E7%9D%80%E5%B1%8B%E3%83%89%E3%83%A9%E3%82%BB%E3%83%8A+%E5%90%89%E7%A5%A5%E5%AF%BA+%E6%9C%AC%E5%BA%97/data=!4m2!3m1!1s0x6018ee379262808f:0x5970899cc73a002a,,
BORDER,,https://www.google.com/maps/place/BORDER/data=!4m2!3m1!1s0x6018f5004f0a5ca5:0x175c50e46f42e162,,
THIS MAN vintage clothing,,https://www.google.com/maps/place/THIS+MAN+vintage+clothing/data=!4m2!3m1!1s0x5ff4c9718cfe1297:0xd4865ae0ab33948a,,
GLAMOUR,,https://www.google.com/maps/place/GLAMOUR/data=!4m2!3m1!1s0x5ff4c9eba526c49d:0xdcd69fa339ece5df,,
one day store,,https://www.google.com/maps/place/one+day+store/data=!4m2!3m1!1s0x5ff4c9ebb2510157:0x865a887e082ebe8e,,
新潟無人古着屋empty clothing store,,https://www.google.com/maps/place/%E6%96%B0%E6%BD%9F%E7%84%A1%E4%BA%BA%E5%8F%A4%E7%9D%80%E5%B1%8Bempty+clothing+store/data=!4m2!3m1!1s0x5ff4cb4ef8f76cb5:0x4dab89db07cc213,,
OIL,,https://www.google.com/maps/place/OIL/data=!4m2!3m1!1s0x601ef2ced681ec3f:0xc6a50fc70f7fa993,,
アンドフェブ -and Pheb-,,https://www.google.com/maps/place/%E3%82%A2%E3%83%B3%E3%83%89%E3%83%95%E3%82%A7%E3%83%96+-and+Pheb-/data=!4m2!3m1!1s0x6018f262a80f8bbb:0xddfe8ec63b5cc972,,
ASCENT,,https://www.google.com/maps/place/ASCENT/data=!4m2!3m1!1s0x601889a76146017d:0xbef302a117f60180,,
MOLDNEST-VLACK,,https://www.google.com/maps/place/MOLDNEST-VLACK/data=!4m2!3m1!1s0x355aa20fc3fb5c3f:0x5ff56eabc519ca24,,
SISTER,,https://www.google.com/maps/place/SISTER/data=!4m2!3m1!1s0x5ff4c9eeeee5b7fd:0x3c186492794bba72,,
tity niigata,,https://www.google.com/maps/place/tity+niigata/data=!4m2!3m1!1s0x5ff4c9ec7355a1f1:0x13483af31ab06d63,,
THE GROUND depot.,,https://www.google.com/maps/place/THE+GROUND+depot./data=!4m2!3m1!1s0x6000e70fbb91f851:0x2642be7a83e1097a,,
DOUBLEDUTCH,,https://www.google.com/maps/place/DOUBLEDUTCH/data=!4m2!3m1!1s0x600370cd7c8fd677:0xab64e7c6e3331e0c,,
via,,https://www.google.com/maps/place/via/data=!4m2!3m1!1s0x354191003633c63b:0xbdf2ab0abb145945,,
MUMA,,https://www.google.com/maps/place/MUMA/data=!4m2!3m1!1s0x6018ed823266e499:0xedcf4189c54e25b3,,
sowhat vintage,,https://www.google.com/maps/place/sowhat+vintage/data=!4m2!3m1!1s0x6018f3298d6c7525:0x36465d26926119bc,,
"seer.studio | SEEING co.,ltd",,"https://www.google.com/maps/place/seer.studio+%7C+SEEING+co.,ltd/data=!4m2!3m1!1s0x6018f5baa388a82f:0x4d919340722e6829",,
USONIAN GOODS STORE,,https://www.google.com/maps/place/USONIAN+GOODS+STORE/data=!4m2!3m1!1s0x60188cbd43ca1df9:0x6be9bcba9c3c8614,,
"pierce, ice dalnum 5 09 1 8",,"https://www.google.com/maps/place/pierce,+ice+dalnum+5+09+1+8/data=!4m2!3m1!1s0x5f0b29f030dd3a9d:0x3078f6073f523072",,
NIGHTHAWKS,,https://www.google.com/maps/place/NIGHTHAWKS/data=!4m2!3m1!1s0x35419183c3fce51d:0x94d4900c7de4ab5d,,
CANNABIS,,https://www.google.com/maps/place/CANNABIS/data=!4m2!3m1!1s0x60188ca6a3f0369f:0x2744e2c5da87d5ea,,
ADDITION ADELAIDE,,https://www.google.com/maps/place/ADDITION+ADELAIDE/data=!4m2!3m1!1s0x60188ca3d3955555:0x847fc0cd469973c3,,
NONTOKYO,,https://www.google.com/maps/place/NONTOKYO/data=!4m2!3m1!1s0x6018f36990863e63:0x9bf1d7a3fbf31364,,
Rabble,,https://www.google.com/maps/place/Rabble/data=!4m2!3m1!1s0x60188d1326264021:0xe8f6b7693a957629,,
Mamegyorai Koenji,,https://www.google.com/maps/place/Mamegyorai+Koenji/data=!4m2!3m1!1s0x6018f3f66ee8e5ff:0x8282bc7495f0f291,,
YoYo Shop Spingear Koenji,,https://www.google.com/maps/place/YoYo+Shop+Spingear+Koenji/data=!4m2!3m1!1s0x6018f39e0d198be3:0x7183012a42b6fc8,,
Kiarrys,,https://www.google.com/maps/place/Kiarrys/data=!4m2!3m1!1s0x6018f26303bb9d95:0x4bf11ff30b0cf4e6,,
2000TOYS,,https://www.google.com/maps/place/2000TOYS/data=!4m2!3m1!1s0x6018f26287f5c619:0x8dab7c7612510c2a,,
curb Other Side カーブ 高円寺,,https://www.google.com/maps/place/curb+Other+Side+%E3%82%AB%E3%83%BC%E3%83%96+%E9%AB%98%E5%86%86%E5%AF%BA/data=!4m2!3m1!1s0x6018f30071e804e9:0x1f52f4fd8ed6d0dc,,
ATTIC MIRROR,,https://www.google.com/maps/place/ATTIC+MIRROR/data=!4m2!3m1!1s0x5ff8347f41d15555:0x6bade0749e0d798d,,
Carnation,,https://www.google.com/maps/place/Carnation/data=!4m2!3m1!1s0x5ff79061fd767b53:0xf955475b1d509b3f,,
JULIUS_7 TOKYO STORE,,https://www.google.com/maps/place/JULIUS_7+TOKYO+STORE/data=!4m2!3m1!1s0x60188b4413e75b81:0x931704f2fdfc01ea,,
WAREHOUSE DENIM TOKYO,,https://www.google.com/maps/place/WAREHOUSE+DENIM+TOKYO/data=!4m2!3m1!1s0x60188b43f87d82e1:0xad9b89c8dd4c7e05,,
Catii (FDMTL),,https://www.google.com/maps/place/Catii+(FDMTL)/data=!4m2!3m1!1s0x60188b2fa528b57f:0x6ea63a82461ab3ee,,
jelado,,https://www.google.com/maps/place/jelado/data=!4m2!3m1!1s0x60188b440cb5aaab:0xeb2024e8d98fb953,,
upperupper,,https://www.google.com/maps/place/upperupper/data=!4m2!3m1!1s0x60188e9f7f9302ef:0x489214f132ad94ad,,
Gould,,https://www.google.com/maps/place/Gould/data=!4m2!3m1!1s0x6018f3c061671dc1:0x93d7d4e59ae7f5bc,,
All i Need,,https://www.google.com/maps/place/All+i+Need/data=!4m2!3m1!1s0x60188f348b587019:0x6d8ee42b99345acf,,
RONGO RONGO Vintage Clothing Store,,https://www.google.com/maps/place/RONGO+RONGO+Vintage+Clothing+Store/data=!4m2!3m1!1s0x6018f306d0f0f9ab:0x9b03208b8273d5eb,,
miyabi clothing store,,https://www.google.com/maps/place/miyabi+clothing+store/data=!4m2!3m1!1s0x601861dd4ffc0205:0x989ea0fe89cc6913,,
allz,,https://www.google.com/maps/place/allz/data=!4m2!3m1!1s0x601861128759ef71:0x7d9e615f6289e23e,,
TINSLETOWN powered by homesicc,,https://www.google.com/maps/place/TINSLETOWN+powered+by+homesicc/data=!4m2!3m1!1s0x60188d6e110f33d3:0x6be1a3f47248483,,
SRAY,,https://www.google.com/maps/place/SRAY/data=!4m2!3m1!1s0x6018c15426509c2d:0x2b559d2afeeaf33a,,
DCPLAYFUL,,https://www.google.com/maps/place/DCPLAYFUL/data=!4m2!3m1!1s0x6000e4f642d97f4d:0x5b5badc8f974c5fb,,
Pigsty原宿店,,https://www.google.com/maps/place/Pigsty%E5%8E%9F%E5%AE%BF%E5%BA%97/data=!4m2!3m1!1s0x60188d38ea1330ff:0xe58562705c69f3e4,,
prasthana sendagaya store,,https://www.google.com/maps/place/prasthana+sendagaya+store/data=!4m2!3m1!1s0x60188d4a0bee6643:0x89f8b3c714fd64d7,,
signal,,https://www.google.com/maps/place/signal/data=!4m2!3m1!1s0x601ade64c903b5c5:0x3ad7166592f4b0a8,,
VEKTOR.KYOTO,,https://www.google.com/maps/place/VEKTOR.KYOTO/data=!4m2!3m1!1s0x60010895b34f07f7:0x45b13472d893e945,,
curve,,https://www.google.com/maps/place/curve/data=!4m2!3m1!1s0x6018f31b80ff3fc5:0xb09f4c3f890f1843,,
Neova,,https://www.google.com/maps/place/Neova/data=!4m2!3m1!1s0x60188de1ef7dc4d7:0x18c9961cb3bf65b1,,
6% Doki Doki,,https://www.google.com/maps/place/6%25+Doki+Doki/data=!4m2!3m1!1s0x60188ca38751e85d:0x140c94357ccad357,,
Hayatochiri,,https://www.google.com/maps/place/Hayatochiri/data=!4m2!3m1!1s0x6018f27c3ac81707:0x117972c164dc0312,,
RCv Tokyo,,https://www.google.com/maps/place/RCv+Tokyo/data=!4m2!3m1!1s0x60188d00547e7421:0x1f995a60e0180d7b,,
Vase,,https://www.google.com/maps/place/Vase/data=!4m2!3m1!1s0x60188b2fbe926beb:0xdc5d09a372ac48fa,,
SeekeR原宿店,,https://www.google.com/maps/place/SeekeR%E5%8E%9F%E5%AE%BF%E5%BA%97/data=!4m2!3m1!1s0x60188d1ea382cddf:0x472d084e13756c81,,
UNITED ARROWS Harajuku Main Store,,https://www.google.com/maps/place/UNITED+ARROWS+Harajuku+Main+Store/data=!4m2!3m1!1s0x60188ca2d100f971:0xc6dc5cba5976a3de,,
Waves Tokyo,,https://www.google.com/maps/place/Waves+Tokyo/data=!4m2!3m1!1s0x60188dfacf5c74ff:0xbc6f61abb5214e1,,
boutiqueW,,https://www.google.com/maps/place/boutiqueW/data=!4m2!3m1!1s0x60188ca12e31b067:0xb50a80df11408b79,,
anthem_chill,,https://www.google.com/maps/place/anthem_chill/data=!4m2!3m1!1s0x60188b34feb4280f:0x7c155aeec8ed0e67,,
comma,,https://www.google.com/maps/place/comma/data=!4m2!3m1!1s0x60188f8755ed0175:0x1e9ce2f114d2e94e,,
SALAMANCA,,https://www.google.com/maps/place/SALAMANCA/data=!4m2!3m1!1s0x60188d67ddc57bc3:0xb0b0aa4d0ee4a104,,
LAUGH by Kissmet,,https://www.google.com/maps/place/LAUGH+by+Kissmet/data=!4m2!3m1!1s0x6018f287fad35d5b:0x18a01ab5f9b5f118,,
loose（ルース）,,https://www.google.com/maps/place/loose%EF%BC%88%E3%83%AB%E3%83%BC%E3%82%B9%EF%BC%89/data=!4m2!3m1!1s0x601861bc50bfbabb:0xa019cc2073e7062d,,
C THE C 蔵前店,,https://www.google.com/maps/place/C+THE+C+%E8%94%B5%E5%89%8D%E5%BA%97/data=!4m2!3m1!1s0x60188f00752b283d:0xd62e6e2b3b2f85e4,,
4BFC,,https://www.google.com/maps/place/4BFC/data=!4m2!3m1!1s0x60188db18eec42bd:0xe899a99fcc8a097c,,
NINETEEN EIGHTY FIVE JP,,https://www.google.com/maps/place/NINETEEN+EIGHTY+FIVE+JP/data=!4m2!3m1!1s0x6018f94459090a27:0x17344bdb8a11a246,,
the Apartment,,https://www.google.com/maps/place/the+Apartment/data=!4m2!3m1!1s0x6018ee473f5aaaab:0x988cd1d8a3f1e356,,
REFLEX,,https://www.google.com/maps/place/REFLEX/data=!4m2!3m1!1s0x60188b48b3615551:0xa10a5c52b3e88090,,
CC STORE,,https://www.google.com/maps/place/CC+STORE/data=!4m2!3m1!1s0x60188d006fbdc663:0xf263cf840b9ee223,,
00,,https://www.google.com/maps/place/00/data=!4m2!3m1!1s0x60188d54ce726891:0x481a618b6f4c43fd,,
GREY,,https://www.google.com/maps/place/GREY/data=!4m2!3m1!1s0x6003710aece204eb:0x83e5ccef6a0fb912,,
MIDI,,https://www.google.com/maps/place/MIDI/data=!4m2!3m1!1s0x60188d003fc5f8c9:0xd74e4793128960,,
A.A VINTAGE TOKYO,,https://www.google.com/maps/place/A.A+VINTAGE+TOKYO/data=!4m2!3m1!1s0x60188d682c232dbb:0xea221febacc55c9b,,
Sokkyou,,https://www.google.com/maps/place/Sokkyou/data=!4m2!3m1!1s0x6018f27d0060aea1:0x192c1b94b399826e,,
無人古着フクオウル24H,,https://www.google.com/maps/place/%E7%84%A1%E4%BA%BA%E5%8F%A4%E7%9D%80%E3%83%95%E3%82%AF%E3%82%AA%E3%82%A6%E3%83%AB24H/data=!4m2!3m1!1s0x6018efc8063bf7f7:0xe42a917e27ee161e,,
Jesus Judas,,https://www.google.com/maps/place/Jesus+Judas/data=!4m2!3m1!1s0x6018f390328ed00f:0x684e53635d6e497c,,
ETHNIC TOKYO,,https://www.google.com/maps/place/ETHNIC+TOKYO/data=!4m2!3m1!1s0x60188eb160ace95f:0x9969341d6621b6a,,
HOOKED,,https://www.google.com/maps/place/HOOKED/data=!4m2!3m1!1s0x60188b5e94959fc3:0x6659f8e934ab7c93,,
Arms Clothing Store 青山,,https://www.google.com/maps/place/Arms+Clothing+Store+%E9%9D%92%E5%B1%B1/data=!4m2!3m1!1s0x60188b2d5e8cfb81:0x1280754d548fb6f9,,
SUPER LOVE MARKET,,https://www.google.com/maps/place/SUPER+LOVE+MARKET/data=!4m2!3m1!1s0x60188bfdd0cae19d:0xb58fcc1bed5f6cfb,,
MA STORE,,https://www.google.com/maps/place/MA+STORE/data=!4m2!3m1!1s0x6018f35be1b21a1b:0x8d5f050c085bdcad,,
YAURAN,,https://www.google.com/maps/place/YAURAN/data=!4m2!3m1!1s0x6018f38eef695225:0x87047c925281b02e,,
えん -en-,,https://www.google.com/maps/place/%E3%81%88%E3%82%93+-en-/data=!4m2!3m1!1s0x6018f306d2e7d681:0xed29637967021486,,
SWANK,,https://www.google.com/maps/place/SWANK/data=!4m2!3m1!1s0x6018f36c740a4bd7:0xc319a5294e83453b,,
Young,,https://www.google.com/maps/place/Young/data=!4m2!3m1!1s0x6018f3458a6f1dcf:0xb79bb604a3a68c18,,
faye_project,,https://www.google.com/maps/place/faye_project/data=!4m2!3m1!1s0x60188b000c1d2681:0x61103522d2a350f9,,
BLACX BOX,,https://www.google.com/maps/place/BLACX+BOX/data=!4m2!3m1!1s0x60188d003686a93b:0x515f3918b697be6f,,
coys clothing store,,https://www.google.com/maps/place/coys+clothing+store/data=!4m2!3m1!1s0x6018f3126a3b7b8b:0xf19c3295f6de0877,,
CASE used &select,,https://www.google.com/maps/place/CASE+used+%26select/data=!4m2!3m1!1s0x6018f262b0bc876d:0x8eca732e7d66023f,,
BACKDOOR / SUPPLY online store,,https://www.google.com/maps/place/BACKDOOR+%2F+SUPPLY+online+store/data=!4m2!3m1!1s0x6018f3498533fb55:0x768dd4fbb0b8ce87,,
3-chōme-13-9 Kyōjima,threedots,https://www.google.com/maps/place/3-ch%C5%8Dme-13-9+Ky%C5%8Djima/data=!4m2!3m1!1s0x60188f2fdcb09c3f:0x7609cbf8c97c0ecc,,
LAYYER,,https://www.google.com/maps/place/LAYYER/data=!4m2!3m1!1s0x6018f31d35784bed:0x6d274e1b6183f1fc,,
古着屋 Inity,,https://www.google.com/maps/place/%E5%8F%A4%E7%9D%80%E5%B1%8B+Inity/data=!4m2!3m1!1s0x355aa306099d5139:0x21be195d832e1807,,
2HEADS,,https://www.google.com/maps/place/2HEADS/data=!4m2!3m1!1s0x6000e7007013ba57:0xb41f7e7ce9a7882d,,
N id Tokyo,,https://www.google.com/maps/place/N+id+Tokyo/data=!4m2!3m1!1s0x60188ca8989805c1:0xd378e5b44c07a16f,,
古着屋K2 〜Coffee × Secondhand〜 | 台東区浅草,,https://www.google.com/maps/place/%E5%8F%A4%E7%9D%80%E5%B1%8BK2+%E3%80%9CCoffee+%C3%97+Secondhand%E3%80%9C+%7C+%E5%8F%B0%E6%9D%B1%E5%8C%BA%E6%B5%85%E8%8D%89/data=!4m2!3m1!1s0x60188f7b871a02d3:0xc2ea40c40dbd7325,,
Maison vintage clothing,,https://www.google.com/maps/place/Maison+vintage+clothing/data=!4m2!3m1!1s0x60188ffce3d5372b:0xf5002070cbb54d5d,,
NEOTENY,,https://www.google.com/maps/place/NEOTENY/data=!4m2!3m1!1s0x60188f2b4b984355:0xaa593c70de920600,,
HINOYA,,https://www.google.com/maps/place/HINOYA/data=!4m2!3m1!1s0x60188e9e5250ca21:0x6db3554cd9b3c98e,,
ray Used ＆ Select 古着 セレクトショップ,,https://www.google.com/maps/place/ray+Used+%EF%BC%86+Select+%E5%8F%A4%E7%9D%80+%E3%82%BB%E3%83%AC%E3%82%AF%E3%83%88%E3%82%B7%E3%83%A7%E3%83%83%E3%83%97/data=!4m2!3m1!1s0x6000e7d3191fe263:0xd11b2bb6bb3187d7,,
LAF ARCHIVES,,https://www.google.com/maps/place/LAF+ARCHIVES/data=!4m2!3m1!1s0x6000e70032ad17a7:0x707f0d066da3ae28,,
Murakami Store（Tonari no Zingaro）,,https://www.google.com/maps/place/Murakami+Store%EF%BC%88Tonari+no+Zingaro%EF%BC%89/data=!4m2!3m1!1s0x6018f3d11dee2d3b:0x754ca19db336ce36,,
LVMY LND,,https://www.google.com/maps/place/LVMY+LND/data=!4m2!3m1!1s0x6018f38dfb065a2f:0x79a1e2d1c3b0beb3,,
2nd Street Musashikoyama,,https://www.google.com/maps/place/2nd+Street+Musashikoyama/data=!4m2!3m1!1s0x60188b82ede5c331:0x11c5ce49963255a8,,
"〒542-0081 Osaka, Chuo Ward, Minamisenba, 4-chōme−8−8 DAZZ COMPLEX",,"https://www.google.com/maps/place/%E3%80%92542-0081+Osaka,+Chuo+Ward,+Minamisenba,+4-ch%C5%8Dme%E2%88%928%E2%88%928+DAZZ+COMPLEX/data=!4m2!3m1!1s0x6000e71b74e7f01b:0x4f55e255ee39c12e",,
Santo-nibunno-ichi,,https://www.google.com/maps/place/Santo-nibunno-ichi/data=!4m2!3m1!1s0x6000e710660759cb:0x9eaadda34c227603,,
"〒460-0011 Aichi, Nagoya, Naka Ward, Ōsu, 3-chōme−1−36 林太陽ビル 10f",grey archives,"https://www.google.com/maps/place/%E3%80%92460-0011+Aichi,+Nagoya,+Naka+Ward,+%C5%8Csu,+3-ch%C5%8Dme%E2%88%921%E2%88%9236+%E6%9E%97%E5%A4%AA%E9%99%BD%E3%83%93%E3%83%AB+10f/data=!4m2!3m1!1s0x600370cd25cbd79b:0xf9abb2fffd4c0ab8",,
古着屋no pain no gain(ノーペインノーゲイン),,https://www.google.com/maps/place/%E5%8F%A4%E7%9D%80%E5%B1%8Bno+pain+no+gain(%E3%83%8E%E3%83%BC%E3%83%9A%E3%82%A4%E3%83%B3%E3%83%8E%E3%83%BC%E3%82%B2%E3%82%A4%E3%83%B3)/data=!4m2!3m1!1s0x60188b6d311aa183:0xd376ab4d9d6b61fe,,
OTSUMO PLAZA,,https://www.google.com/maps/place/OTSUMO+PLAZA/data=!4m2!3m1!1s0x60188bbcb5d2a5b9:0x7186651fa4ab8a49,,
ether,,https://www.google.com/maps/place/ether/data=!4m2!3m1!1s0x60188d9d38d32bdf:0x7a388856b4eb5569,,
古着屋PARER綾瀬店,,https://www.google.com/maps/place/%E5%8F%A4%E7%9D%80%E5%B1%8BPARER%E7%B6%BE%E7%80%AC%E5%BA%97/data=!4m2!3m1!1s0x60188f7fc32cc839:0xad1764ef8c843f13,,
5-chōme-18-18 Shirokanedai,Kapital,https://www.google.com/maps/place/5-ch%C5%8Dme-18-18+Shirokanedai/data=!4m2!3m1!1s0x60188b049bb04eab:0xd8f7af9675956ec1,,
AFB,,https://www.google.com/maps/place/AFB/data=!4m2!3m1!1s0x60188baa4a65d8af:0xcb90c9b73f3d57ed,,
Achuu Kyoto Vintage clothing store,,https://www.google.com/maps/place/Achuu+Kyoto+Vintage+clothing+store/data=!4m2!3m1!1s0x60010896a88b8265:0x3de6b39c29d31eec,,
USED MARKET NEXT51三国ヶ丘店,,https://www.google.com/maps/place/USED+MARKET+NEXT51%E4%B8%89%E5%9B%BD%E3%83%B6%E4%B8%98%E5%BA%97/data=!4m2!3m1!1s0x6000dba2c442cc1f:0x59afd5081d8488f5,,
TreFacStyle Waseda,,https://www.google.com/maps/place/TreFacStyle+Waseda/data=!4m2!3m1!1s0x60188dd96ef2aacd:0x4576f5ebd781761,,
TORUS,,https://www.google.com/maps/place/TORUS/data=!4m2!3m1!1s0x601d0fe564c0515b:0x825b665f0bb40d0c,,
mementos 2号店,,https://www.google.com/maps/place/mementos+2%E5%8F%B7%E5%BA%97/data=!4m2!3m1!1s0x6000e70030d2ada1:0xf867738263570478,,
mementos 1号店,,https://www.google.com/maps/place/mementos+1%E5%8F%B7%E5%BA%97/data=!4m2!3m1!1s0x6000e7054f20e7bd:0x3ae6939f07bb8aeb,,
MIN-NANO,,https://www.google.com/maps/place/MIN-NANO/data=!4m2!3m1!1s0x6018f30b2c2eb1c3:0x48c2f8d730b358db,,
PROVIDÉNCE,,https://www.google.com/maps/place/PROVID%C3%89NCE/data=!4m2!3m1!1s0x6000e7722d3b58c7:0xa5f3b559eb5b47d7,,
FRUiT used&vintage,,https://www.google.com/maps/place/FRUiT+used%26vintage/data=!4m2!3m1!1s0x5ff4e5dd040d5dab:0x881c0f705e9f6997,,
Straight vintage clothing store,,https://www.google.com/maps/place/Straight+vintage+clothing+store/data=!4m2!3m1!1s0x5ff4c9549df155eb:0x812b4869b50fe7cf,,
酔服屋 YOUFUKUYA,,https://www.google.com/maps/place/%E9%85%94%E6%9C%8D%E5%B1%8B+YOUFUKUYA/data=!4m2!3m1!1s0x60188d55ecb2229f:0x57c2945f9a9e2b6b,,
CLEO（クレオ）MEN'S 大宮店,,https://www.google.com/maps/place/CLEO%EF%BC%88%E3%82%AF%E3%83%AC%E3%82%AA%EF%BC%89MEN'S+%E5%A4%A7%E5%AE%AE%E5%BA%97/data=!4m2!3m1!1s0x6018c140e9c8af93:0x616e8c641de540fd,,
Boo-Bee,,https://www.google.com/maps/place/Boo-Bee/data=!4m2!3m1!1s0x6018c1406df0e9b7:0x92360477192da1b1,,
BRACKETS,,https://www.google.com/maps/place/BRACKETS/data=!4m2!3m1!1s0x6018f509d1fc9d25:0x16355f448baa0acd,,
BEATNIK GROOVE STORE,,https://www.google.com/maps/place/BEATNIK+GROOVE+STORE/data=!4m2!3m1!1s0x6018efd0ab8f05f3:0xdc61402a1c79c124,,
ビートニク（ＢＥＡＴＮＩＫ）,,https://www.google.com/maps/place/%E3%83%93%E3%83%BC%E3%83%88%E3%83%8B%E3%82%AF%EF%BC%88%EF%BC%A2%EF%BC%A5%EF%BC%A1%EF%BC%B4%EF%BC%AE%EF%BC%A9%EF%BC%AB%EF%BC%89/data=!4m2!3m1!1s0x60188d1c0da12bc7:0xcc485a0c6fcbf098,,
iPsum,,https://www.google.com/maps/place/iPsum/data=!4m2!3m1!1s0x60188bf698497c53:0x7af2e317de8d56c3,,
VOIRY STORE,,https://www.google.com/maps/place/VOIRY+STORE/data=!4m2!3m1!1s0x60188b3aabfdb195:0x74bb96bd27889e61,,
"Beady Antiques, Cafe",,"https://www.google.com/maps/place/Beady+Antiques,+Cafe/data=!4m2!3m1!1s0x6018f4d6e92657af:0xe43293f07890630d",,
Nepenthes Tokyo,,https://www.google.com/maps/place/Nepenthes+Tokyo/data=!4m2!3m1!1s0x60188ca0ddb86b47:0xa90627069c01784e,,
any penny,,https://www.google.com/maps/place/any+penny/data=!4m2!3m1!1s0x6018f4cd09b42713:0xae128250daa26b7a,,
TRAMPOT,,https://www.google.com/maps/place/TRAMPOT/data=!4m2!3m1!1s0x60188b35a99dc3d5:0x12e168261cfbc480,,
WORN,,https://www.google.com/maps/place/WORN/data=!4m2!3m1!1s0x6018f5d26ecef005:0x505dec3a7717f140,,
Risaikurushoppu Bekutoru Yutenjiten,,https://www.google.com/maps/place/Risaikurushoppu+Bekutoru+Yutenjiten/data=!4m2!3m1!1s0x60188b34e47dfe1d:0x515ad0f04f0d15d9,,
SEIN,,https://www.google.com/maps/place/SEIN/data=!4m2!3m1!1s0x60188b35a9d3d059:0x784bb80fea38d0e5,,
DETOUR -discover for new archives-,,https://www.google.com/maps/place/DETOUR+-discover+for+new+archives-/data=!4m2!3m1!1s0x601f4f69f656bc6f:0xc85a48c97626d680,,
KOH'S LICK CURRO コウズリッククロ,,https://www.google.com/maps/place/KOH'S+LICK+CURRO+%E3%82%B3%E3%82%A6%E3%82%BA%E3%83%AA%E3%83%83%E3%82%AF%E3%82%AF%E3%83%AD/data=!4m2!3m1!1s0x60188ca10bb2d995:0x85a58dfd91567f7a,,
2k540 Aki-Oka Artisan,,https://www.google.com/maps/place/2k540+Aki-Oka+Artisan/data=!4m2!3m1!1s0x60188ea0b60f30af:0xf1c7be64d36acd23,,
TOKYO PiXEL,,https://www.google.com/maps/place/TOKYO+PiXEL/data=!4m2!3m1!1s0x60188eb8693eaac9:0x806c4f738e48ede3,,
KONCENT,,https://www.google.com/maps/place/KONCENT/data=!4m2!3m1!1s0x60188eb701c59085:0x33dff03164c0c7bb,,
kakimori,,https://www.google.com/maps/place/kakimori/data=!4m2!3m1!1s0x60188eb76fa43163:0xb699bf7094072235,,
AMPLI Vacuum Tube Laboratory Vintage & Things,,https://www.google.com/maps/place/AMPLI+Vacuum+Tube+Laboratory+Vintage+%26+Things/data=!4m2!3m1!1s0x60188f4046a9b7ab:0xba327f1bf51339c2,,
raul general store,,https://www.google.com/maps/place/raul+general+store/data=!4m2!3m1!1s0x60188ffc4178abc1:0xfcd0f3ddb2ed0df1,,
Black Ribbit,,https://www.google.com/maps/place/Black+Ribbit/data=!4m2!3m1!1s0x60188f5907aee845:0xc86f85228959d67,,
sick vintage punk&rock n roll gear,,https://www.google.com/maps/place/sick+vintage+punk%26rock+n+roll+gear/data=!4m2!3m1!1s0x60188d8ee43671ff:0xd9f381c25d56d423,,
ヴィンテージカイトリオレゴン,,https://www.google.com/maps/place/%E3%83%B4%E3%82%A3%E3%83%B3%E3%83%86%E3%83%BC%E3%82%B8%E3%82%AB%E3%82%A4%E3%83%88%E3%83%AA%E3%82%AA%E3%83%AC%E3%82%B4%E3%83%B3/data=!4m2!3m1!1s0x6018f39c5d6a3c35:0x68b79d9ef3a49270,,
Prophet,,https://www.google.com/maps/place/Prophet/data=!4m2!3m1!1s0x600108915fdac121:0x168554c5e57bef06,,
used＆clothing memento,,https://www.google.com/maps/place/used%EF%BC%86clothing+memento/data=!4m2!3m1!1s0x602285da4bf0fe01:0xc3a031822f4a5a73,,
SixDix,,https://www.google.com/maps/place/SixDix/data=!4m2!3m1!1s0x6018892842702251:0x9bc5de12b7b802c4,,
Taurus,,https://www.google.com/maps/place/Taurus/data=!4m2!3m1!1s0x6018894054d8e4e1:0xf95b54349ddd5fc4,,
CHAPERONI vintage clothing store,,https://www.google.com/maps/place/CHAPERONI+vintage+clothing+store/data=!4m2!3m1!1s0x6018896964dc99f1:0x7e4cfb34ee17b94b,,
FAAR,,https://www.google.com/maps/place/FAAR/data=!4m2!3m1!1s0x60188996c1e6b1d3:0xa49e6d6cec64a95f,,
MUD,,https://www.google.com/maps/place/MUD/data=!4m2!3m1!1s0x6018f366c60bc5e3:0x567c49cc041602a5,,
Aum vintage,,https://www.google.com/maps/place/Aum+vintage/data=!4m2!3m1!1s0x6018f5b0dd02d95b:0x97d1c1325ca1560c,,
BUY＆SELL フクウロ明大前店,,https://www.google.com/maps/place/BUY%EF%BC%86SELL+%E3%83%95%E3%82%AF%E3%82%A6%E3%83%AD%E6%98%8E%E5%A4%A7%E5%89%8D%E5%BA%97/data=!4m2!3m1!1s0x6018f363ad076957:0xc79e9016133b8b31,,
Good On -flagship shop-,,https://www.google.com/maps/place/Good+On+-flagship+shop-/data=!4m2!3m1!1s0x60188b3e4f4059b3:0x6caa6fa9fd03e792,,
Christopher Nemeth,,https://www.google.com/maps/place/Christopher+Nemeth/data=!4m2!3m1!1s0x60188ca18d86d1f3:0x6b6f5c9fbf5d148a,,
kindal harajuku second hand store,,https://www.google.com/maps/place/kindal+harajuku+second+hand+store/data=!4m2!3m1!1s0x60188ca363294bbd:0x94284877118e8e43,,
GR8,,https://www.google.com/maps/place/GR8/data=!4m2!3m1!1s0x60188ca493456bf5:0xccad5c0b8510e156,,
TOGA XTC Harajuku,,https://www.google.com/maps/place/TOGA+XTC+Harajuku/data=!4m2!3m1!1s0x60188ca4e3c55555:0xf4e6bdfa69f7b9e6,,
NUBIAN HARAJUKU,,https://www.google.com/maps/place/NUBIAN+HARAJUKU/data=!4m2!3m1!1s0x60188ca312fdf5ab:0x95a9c2033fadd4a8,,
fethers goffa x,,https://www.google.com/maps/place/fethers+goffa+x/data=!4m2!3m1!1s0x60188cbcd84683f7:0x715625a87b3c02fc,,
#FFFFFFT SENDAGAYA（シロティ千駄ヶ谷),,https://www.google.com/maps/place/%23FFFFFFT+SENDAGAYA%EF%BC%88%E3%82%B7%E3%83%AD%E3%83%86%E3%82%A3%E5%8D%83%E9%A7%84%E3%83%B6%E8%B0%B7)/data=!4m2!3m1!1s0x60188cbc49633771:0x1ae7182bd35ba156,,
BIG LOVE Records,,https://www.google.com/maps/place/BIG+LOVE+Records/data=!4m2!3m1!1s0x60188cbd210d0b8d:0x3fa6ca2e553f0e04,,
THE ELEPHANT,,https://www.google.com/maps/place/THE+ELEPHANT/data=!4m2!3m1!1s0x60188d3e5199db31:0x6559da232505a75d,,
BRAND COLLECT OMOTESANDO,,https://www.google.com/maps/place/BRAND+COLLECT+OMOTESANDO/data=!4m2!3m1!1s0x60188df11c8c3cf5:0xc86f1d7d441366b6,,
AMORE Wardrobe & Archive,,https://www.google.com/maps/place/AMORE+Wardrobe+%26+Archive/data=!4m2!3m1!1s0x60188d5ea8f76175:0xa9b1f840d3281f3,,
KIT VINTAGE,,https://www.google.com/maps/place/KIT+VINTAGE/data=!4m2!3m1!1s0x60188b91af81d237:0x1fa12c684452021,,
SMALL TRADES SHINYAKOZUKA シンヤコヅカ,,https://www.google.com/maps/place/SMALL+TRADES+SHINYAKOZUKA+%E3%82%B7%E3%83%B3%E3%83%A4%E3%82%B3%E3%83%85%E3%82%AB/data=!4m2!3m1!1s0x60188b85be129f59:0x914feea84f7e5c82,,
yeah/イエー,,"https://www.google.com/maps/search/35.7060638,139.5777905",,
TreFacStyle Kichijoji,,https://www.google.com/maps/place/TreFacStyle+Kichijoji/data=!4m2!3m1!1s0x6018efd6415da39d:0xe2376d23da8a3844,,
ADULT used&select,,https://www.google.com/maps/place/ADULT+used%26select/data=!4m2!3m1!1s0x6018eff7a792c487:0x43e9db11600521cf,,
N.VINTAGE,,https://www.google.com/maps/place/N.VINTAGE/data=!4m2!3m1!1s0x6018efa9ae2c6375:0xfbd95a8eda7c9a45,,
Kindal Kichijoji second hand store,,https://www.google.com/maps/place/Kindal+Kichijoji+second+hand+store/data=!4m2!3m1!1s0x6018ee48bda20269:0xb3172b40715cd307,,
Caliente Vintage Culture,,https://www.google.com/maps/place/Caliente+Vintage+Culture/data=!4m2!3m1!1s0x6018ef5749aac749:0xfc8cfe2e76de1b88,,
iti vintage clothing & humor,,https://www.google.com/maps/place/iti+vintage+clothing+%26+humor/data=!4m2!3m1!1s0x6018ef9784aec9e1:0x9dfa40c6fd1cbd0d,,
ensemble,,https://www.google.com/maps/place/ensemble/data=!4m2!3m1!1s0x6018ee37e1eec9d9:0xdac13eee8e5d0ba6,,
ETO select & vintage,,https://www.google.com/maps/place/ETO+select+%26+vintage/data=!4m2!3m1!1s0x6018f38b9146ed3d:0xff1f2e2224b87d29,,
FOLLIEE. 下北沢の古着屋と見せかけて池ノ上,,"https://www.google.com/maps/search/35.6596412,139.6728802",,
mu,,"https://www.google.com/maps/search/35.6566119,139.6674299",,
RANA-MUSICA RECORD STORE,,"https://www.google.com/maps/search/35.6587782,139.6669579",,
Lost Boy Tokyo,,"https://www.google.com/maps/search/35.660824,139.668079",,
APFR TOKYO,,"https://www.google.com/maps/search/35.663354,139.6698841",,
NOILL,,"https://www.google.com/maps/search/35.660672,139.6683566",,
MONK,,https://www.google.com/maps/place/MONK/data=!4m2!3m1!1s0x6018f3dfa0e91a87:0x46a1d069949df0f0,,
per-aah,,https://www.google.com/maps/place/per-aah/data=!4m2!3m1!1s0x6018f319f760a067:0x48df09dc87d3e8e0,,
AWASE,,https://www.google.com/maps/place/AWASE/data=!4m2!3m1!1s0x60188cb2d3ca908f:0x37a900c54c9e3fe9,,
wan vintage,,https://www.google.com/maps/place/wan+vintage/data=!4m2!3m1!1s0x6018f3e6d1e4d78b:0x9ca344367d1f6cf8,,
ayahuasca_clothes,,https://www.google.com/maps/place/ayahuasca_clothes/data=!4m2!3m1!1s0x6018f3051aa3e591:0xdb775fa10cf2fc14,,
BEGGARS BANQUET SHOP & CAFE,,https://www.google.com/maps/place/BEGGARS+BANQUET+SHOP+%26+CAFE/data=!4m2!3m1!1s0x601ef3cc68cee3bb:0x45000c17047db8b9,,
Tanagocolotus Kobe,,https://www.google.com/maps/place/Tanagocolotus+Kobe/data=!4m2!3m1!1s0x60008efdc1df4d13:0x474e7f0f2ca2d0de,,
PUKUI,,https://www.google.com/maps/place/PUKUI/data=!4m2!3m1!1s0x60008f83c34f6169:0x181e1e574f20fb72,,
UZU,,https://www.google.com/maps/place/UZU/data=!4m2!3m1!1s0x6018f537f7e5db7d:0xdbcfe828d8e4f6c8,,
LANTIKI CENTRAAAAAL TOKYO,,https://www.google.com/maps/place/LANTIKI+CENTRAAAAAL+TOKYO/data=!4m2!3m1!1s0x60188ca0e7321dff:0x7356759aba260b5b,,
entrance [Gabber],,https://www.google.com/maps/place/entrance+%5BGabber%5D/data=!4m2!3m1!1s0x6018f35af2fbfd13:0x56d277280651aeed,,
STAGE,,https://www.google.com/maps/place/STAGE/data=!4m2!3m1!1s0x60188d5250224ed1:0x825ebdd115b7985e,,
Moore Tokyo,,https://www.google.com/maps/place/Moore+Tokyo/data=!4m2!3m1!1s0x60188d81668f38ef:0xeba4a676834fc9cc,,
pp9(ピーピーナイン),,https://www.google.com/maps/place/pp9(%E3%83%94%E3%83%BC%E3%83%94%E3%83%BC%E3%83%8A%E3%82%A4%E3%83%B3)/data=!4m2!3m1!1s0x60188b60464c485d:0xe664d04c99e48051,,
THE CUT UP,,https://www.google.com/maps/place/THE+CUT+UP/data=!4m2!3m1!1s0x6018f5a12f593f11:0xb6fa895cb00e76fc,,
AnchoR vintage,,https://www.google.com/maps/place/AnchoR+vintage/data=!4m2!3m1!1s0x60185ce10d84d433:0xfe6d0594e11b30a1,,
British wax-jacket market ZUSHI headquarters,,https://www.google.com/maps/place/British+wax-jacket+market+ZUSHI+headquarters/data=!4m2!3m1!1s0x6018f31af8a3a4a3:0xc01a026d2392ee12,,
recollection vintage,,https://www.google.com/maps/place/recollection+vintage/data=!4m2!3m1!1s0x3540f54e24be27db:0xbd44160ce2f8efda,,
comáme vintage clothing/古着屋comáme/アポイント/コマメ/comame/,,https://www.google.com/maps/place/com%C3%A1me+vintage+clothing%2F%E5%8F%A4%E7%9D%80%E5%B1%8Bcom%C3%A1me%2F%E3%82%A2%E3%83%9D%E3%82%A4%E3%83%B3%E3%83%88%2F%E3%82%B3%E3%83%9E%E3%83%A1%2Fcomame%2F/data=!4m2!3m1!1s0x6001279a766351b9:0x7fa291aaf65ac31,,
ESSENCE store,,https://www.google.com/maps/place/ESSENCE+store/data=!4m2!3m1!1s0x600371380b36f03b:0x1f61f39ab20faa12,,
Mr. Clean,,https://www.google.com/maps/place/Mr.+Clean/data=!4m2!3m1!1s0x6018f3af20a08d89:0x8574defcf79cacb8,,
Esmeralda Serviced Department エスメラルダサービスドデパートメント,,https://www.google.com/maps/place/Esmeralda+Serviced+Department+%E3%82%A8%E3%82%B9%E3%83%A1%E3%83%A9%E3%83%AB%E3%83%80%E3%82%B5%E3%83%BC%E3%83%93%E3%82%B9%E3%83%89%E3%83%87%E3%83%91%E3%83%BC%E3%83%88%E3%83%A1%E3%83%B3%E3%83%88/data=!4m2!3m1!1s0x6018f39f6a69654b:0xadd90dcefec32b2e,,
2nd STREET Jiyūgaoka Shop Their website mentions リサイクルショップ,,https://www.google.com/maps/place/2nd+STREET+Jiy%C5%ABgaoka+Shop+Their+website+mentions+%E3%83%AA%E3%82%B5%E3%82%A4%E3%82%AF%E3%83%AB%E3%82%B7%E3%83%A7%E3%83%83%E3%83%97/data=!4m2!3m1!1s0x6018f51e4cd13283:0x875f85a536ae2731,,
BINGO 自由が丘店,,https://www.google.com/maps/place/BINGO+%E8%87%AA%E7%94%B1%E3%81%8C%E4%B8%98%E5%BA%97/data=!4m2!3m1!1s0x6018f5214492d697:0x162d53f053e24ec8,,
FRONT11201 本店,,https://www.google.com/maps/place/FRONT11201+%E6%9C%AC%E5%BA%97/data=!4m2!3m1!1s0x6018f35f6d825481:0x8637264507f22fbd,,
sinot.clothing,,https://www.google.com/maps/place/sinot.clothing/data=!4m2!3m1!1s0x6018f3d16565edcd:0x56e55f0fd38e0df5,,
fini Asagi Antiques,,https://www.google.com/maps/place/fini+Asagi+Antiques/data=!4m2!3m1!1s0x6018f3c78c487ae9:0x73db4eb4a97e0aab,,
Graphio,,https://www.google.com/maps/place/Graphio/data=!4m2!3m1!1s0x6018f345d342ea5f:0xae009c76802e7d00,,
STRANGER,,https://www.google.com/maps/place/STRANGER/data=!4m2!3m1!1s0x6018f342e5940001:0xf6112c3bf19daccd,,
ARCD,,https://www.google.com/maps/place/ARCD/data=!4m2!3m1!1s0x6018f57c08d13971:0xa21bda5811bd9007,,
yorp,,https://www.google.com/maps/place/yorp/data=!4m2!3m1!1s0x60188bd3597619d7:0x20293c41291a4289,,
DROP,,https://www.google.com/maps/place/DROP/data=!4m2!3m1!1s0x60188b4e6bc4eff5:0x2ffeab673f390bc1,,
THREE,,https://www.google.com/maps/place/THREE/data=!4m2!3m1!1s0x6018f4a33d4c6187:0xe888eea2f7fda589,,
PULP VINTAGE,,https://www.google.com/maps/place/PULP+VINTAGE/data=!4m2!3m1!1s0x6018f39ddfc14279:0xf9173996b57cb4f,,
sui vintage,,https://www.google.com/maps/place/sui+vintage/data=!4m2!3m1!1s0x6018f4a21264f48d:0x6f36d2676604b6b,,
from_Antique,,https://www.google.com/maps/place/from_Antique/data=!4m2!3m1!1s0x6018f10c8fd91543:0xeea243f3386405a7,,
Post-Antiqueポストアンティーク&kikyキキー ブランド＆ヴィンテージ古着 /オリジナルキッズウェア子供服 東京都狛江喜多見店,,https://www.google.com/maps/place/Post-Antique%E3%83%9D%E3%82%B9%E3%83%88%E3%82%A2%E3%83%B3%E3%83%86%E3%82%A3%E3%83%BC%E3%82%AF%26kiky%E3%82%AD%E3%82%AD%E3%83%BC+%E3%83%96%E3%83%A9%E3%83%B3%E3%83%89%EF%BC%86%E3%83%B4%E3%82%A3%E3%83%B3%E3%83%86%E3%83%BC%E3%82%B8%E5%8F%A4%E7%9D%80+%2F%E3%82%AA%E3%83%AA%E3%82%B8%E3%83%8A%E3%83%AB%E3%82%AD%E3%83%83%E3%82%BA%E3%82%A6%E3%82%A7%E3%82%A2%E5%AD%90%E4%BE%9B%E6%9C%8D+%E6%9D%B1%E4%BA%AC%E9%83%BD%E7%8B%9B%E6%B1%9F%E5%96%9C%E5%A4%9A%E8%A6%8B%E5%BA%97/data=!4m2!3m1!1s0x60188ca6843b0001:0x89b176599805384b,,
GOOFYPHAT GALLARY古着屋（狛江、調布、登戸）,,https://www.google.com/maps/place/GOOFYPHAT+GALLARY%E5%8F%A4%E7%9D%80%E5%B1%8B%EF%BC%88%E7%8B%9B%E6%B1%9F%E3%80%81%E8%AA%BF%E5%B8%83%E3%80%81%E7%99%BB%E6%88%B8%EF%BC%89/data=!4m2!3m1!1s0x6018f10020e586eb:0x6a4b20089b62542,,
TwoFace アメリカ古着 本厚木,,https://www.google.com/maps/place/TwoFace+%E3%82%A2%E3%83%A1%E3%83%AA%E3%82%AB%E5%8F%A4%E7%9D%80+%E6%9C%AC%E5%8E%9A%E6%9C%A8/data=!4m2!3m1!1s0x6019aab250b8b2a1:0x99d527314e1b31a,,
Super 2nd Street Atsugi Hayashi,,https://www.google.com/maps/place/Super+2nd+Street+Atsugi+Hayashi/data=!4m2!3m1!1s0x601901c84aa8097d:0x62b21d55f19598bc,,
MATHEMATICS,,https://www.google.com/maps/place/MATHEMATICS/data=!4m2!3m1!1s0x6018554c5d435133:0x9bcb46fffa6af70a,,
Why are you here.....? Mainstore,,https://www.google.com/maps/place/Why+are+you+here.....%3F+Mainstore/data=!4m2!3m1!1s0x6000e71b41bcebdf:0x811ed7515a238f43,,
GWDH,,https://www.google.com/maps/place/GWDH/data=!4m2!3m1!1s0x600109ca1351823b:0x66166dfbc8877603,,
古着屋BLENDMARKET中崎町,,https://www.google.com/maps/place/%E5%8F%A4%E7%9D%80%E5%B1%8BBLENDMARKET%E4%B8%AD%E5%B4%8E%E7%94%BA/data=!4m2!3m1!1s0x6000e78f392eeb49:0x9b86df6d9a70934,,
古着屋 polaroid vintage【ポラロイド】,,https://www.google.com/maps/place/%E5%8F%A4%E7%9D%80%E5%B1%8B+polaroid+vintage%E3%80%90%E3%83%9D%E3%83%A9%E3%83%AD%E3%82%A4%E3%83%89%E3%80%91/data=!4m2!3m1!1s0x6000e70019b8c46f:0x121796e5c6880b50,,
MOGI Folk Art,,https://www.google.com/maps/place/MOGI+Folk+Art/data=!4m2!3m1!1s0x6018f3a96bb6da0f:0x59e5b424953a9929,,
Higan,,https://www.google.com/maps/place/Higan/data=!4m2!3m1!1s0x6018f3c5a84016e5:0xfd46c9260b56d195,,
4-chōme-20-4 Kōenjiminami,kabaneri tokyo,https://www.google.com/maps/place/4-ch%C5%8Dme-20-4+K%C5%8Denjiminami/data=!4m2!3m1!1s0x6018f28813d15555:0x58cdf410f0259190,,
RENTON ARCHIVES,,https://www.google.com/maps/place/RENTON+ARCHIVES/data=!4m2!3m1!1s0x6000e772a83115d5:0x3cbf998eed2cdf4f,,
RADICAL vintage&new clothing,,https://www.google.com/maps/place/RADICAL+vintage%26new+clothing/data=!4m2!3m1!1s0x354e1ec825cdfa03:0x29e36be15f4e3f41,,
Cloud Closet,,https://www.google.com/maps/place/Cloud+Closet/data=!4m2!3m1!1s0x60188defdb041b7b:0xaabafe27fbe820cf,,
SAFARI 1st Shop,,https://www.google.com/maps/place/SAFARI+1st+Shop/data=!4m2!3m1!1s0x6018f27d2313c015:0xca6cf81ed83c58ba,,
BOZO 2,,https://www.google.com/maps/place/BOZO+2/data=!4m2!3m1!1s0x6018f3004cb19157:0x6afecaa12200a1a1,,
unstitch,,https://www.google.com/maps/place/unstitch/data=!4m2!3m1!1s0x6018f27d2ee3a5bf:0xeee98577b123eb30,,
signal,,https://www.google.com/maps/place/signal/data=!4m2!3m1!1s0x6018f36b1719317d:0x38ce542dc09492d6,,
Witty Vintage,,https://www.google.com/maps/place/Witty+Vintage/data=!4m2!3m1!1s0x6018f5c40bb6c8dd:0x43d8f0eec6a1bca3,,
REM,,https://www.google.com/maps/place/REM/data=!4m2!3m1!1s0x60188b8054eb97d3:0xbe572360c66f31dc,,
ENAM,,https://www.google.com/maps/place/ENAM/data=!4m2!3m1!1s0x6018f301e51d611f:0xa9ab90c764cc10f6,,
古着買取 BAZZSTORE渋谷ファイヤー通り店(バズストア),,https://www.google.com/maps/place/%E5%8F%A4%E7%9D%80%E8%B2%B7%E5%8F%96+BAZZSTORE%E6%B8%8B%E8%B0%B7%E3%83%95%E3%82%A1%E3%82%A4%E3%83%A4%E3%83%BC%E9%80%9A%E3%82%8A%E5%BA%97(%E3%83%90%E3%82%BA%E3%82%B9%E3%83%88%E3%82%A2)/data=!4m2!3m1!1s0x60188ca890b0d61f:0x22f3a3ac6a76a050,,
RADD LOUNGE,,https://www.google.com/maps/place/RADD+LOUNGE/data=!4m2!3m1!1s0x60188ca8b5ac0001:0xc0a6ffabb8e2cb5a,,
HOWDAY,,https://www.google.com/maps/place/HOWDAY/data=!4m2!3m1!1s0x601dbd10f0485893:0xf68e21c23ca7598a,,
SUNTRAP,,https://www.google.com/maps/place/SUNTRAP/data=!4m2!3m1!1s0x6018f27d53a95975:0x616177b993bf127c,,
Atlantis Vintage Tokyo,,https://www.google.com/maps/place/Atlantis+Vintage+Tokyo/data=!4m2!3m1!1s0x6018f3716e756c9d:0x447870765d3d6fcf,,
Whistler,,https://www.google.com/maps/place/Whistler/data=!4m2!3m1!1s0x6018f287e1fc0001:0x6dd9d6debfe9ad02,,
Hard Off,,https://www.google.com/maps/place/Hard+Off/data=!4m2!3m1!1s0x6018f27d8edb7f25:0xd88817aece541411,,
pug tokyo,,https://www.google.com/maps/place/pug+tokyo/data=!4m2!3m1!1s0x6018f37722653659:0xffdc5ba05bb594a4,,
RAGTAG Shimo-kitazawa,,https://www.google.com/maps/place/RAGTAG+Shimo-kitazawa/data=!4m2!3m1!1s0x6018f36afec2b741:0x53940d2aa265c384,,
OTSU TOKYO,,https://www.google.com/maps/place/OTSU+TOKYO/data=!4m2!3m1!1s0x6018f3144fdb5cfb:0x62d832054b86cc75,,
olgou,,https://www.google.com/maps/place/olgou/data=!4m2!3m1!1s0x60188b4f1d3c73e3:0x5f999fb40859f209,,
Coverchord Nakameguro,,https://www.google.com/maps/place/Coverchord+Nakameguro/data=!4m2!3m1!1s0x60188b4e7c6a449b:0xc62659a0a3e16656,,
GENERAL STORE,,https://www.google.com/maps/place/GENERAL+STORE/data=!4m2!3m1!1s0x60188b4de13b8607:0xaad19caf930c7165,,
Jantiques,,https://www.google.com/maps/place/Jantiques/data=!4m2!3m1!1s0x60188b49896eaaab:0x659aed9a3cc15912,,
TEMPORARY,,https://www.google.com/maps/place/TEMPORARY/data=!4m2!3m1!1s0x60188b5c3141fbf9:0xc32ed72a3ca6d45b,,
PLUS EIGHTY ONE,,https://www.google.com/maps/place/PLUS+EIGHTY+ONE/data=!4m2!3m1!1s0x60188b969809574b:0x9a0c94e126cf4d8c,,
Gabber,,https://www.google.com/maps/place/Gabber/data=!4m2!3m1!1s0x60188bd400cdb363:0x2f7fc48f64f8e989,,
recollection Tokyo,,https://www.google.com/maps/place/recollection+Tokyo/data=!4m2!3m1!1s0x60188b09fdc8d731:0x72e854f814f1bcb2,,
ELIMINATOR,,https://www.google.com/maps/place/ELIMINATOR/data=!4m2!3m1!1s0x60188b44efd6f6b9:0x38666386c31df991,,
dask,,https://www.google.com/maps/place/dask/data=!4m2!3m1!1s0x6018f500212fc6f1:0xda44aab84a8ec1f8,,
NEXUSⅦ.,,https://www.google.com/maps/place/NEXUS%E2%85%A6./data=!4m2!3m1!1s0x60188ca8e2d77453:0xfd5f76b36f76e0fb,,
3-chōme-24-9 Jingūmae,,https://www.google.com/maps/place/3-ch%C5%8Dme-24-9+Jing%C5%ABmae/data=!4m2!3m1!1s0x60188ca347f236cb:0x77a63dcca952494d,,
voss,,https://www.google.com/maps/place/voss/data=!4m2!3m1!1s0x60188d4d3e31b6b1:0xa24f76db489ed2c5,,
Brooch Omotesando,,https://www.google.com/maps/place/Brooch+Omotesando/data=!4m2!3m1!1s0x60188b5fe4acb229:0xc24ede334520490c,,
Brooch Nakameguro,,https://www.google.com/maps/place/Brooch+Nakameguro/data=!4m2!3m1!1s0x60188b90119bb557:0xb33c1166afb55a01,,
Brooch Daikanyama,,https://www.google.com/maps/place/Brooch+Daikanyama/data=!4m2!3m1!1s0x60188b44f18cdd5b:0x70e5b8da74a086bf,,
ブランド古着の買取・販売専門 WHY NOT,,https://www.google.com/maps/place/%E3%83%96%E3%83%A9%E3%83%B3%E3%83%89%E5%8F%A4%E7%9D%80%E3%81%AE%E8%B2%B7%E5%8F%96%E3%83%BB%E8%B2%A9%E5%A3%B2%E5%B0%82%E9%96%80+WHY+NOT/data=!4m2!3m1!1s0x600370ce7ac9f62b:0xb248bce9dddecd65,,
Branche Nagoya,,https://www.google.com/maps/place/Branche+Nagoya/data=!4m2!3m1!1s0x600377007be279a1:0xd69478935b33120a,,
floccinaucinihilipilification,,https://www.google.com/maps/place/floccinaucinihilipilification/data=!4m2!3m1!1s0x6018f38a0ff50993:0xc728322c25a03a46,,
PAT MARKET,,https://www.google.com/maps/place/PAT+MARKET/data=!4m2!3m1!1s0x60188df17b579b15:0x68e2a1d4ff037f62,,
'bout,,https://www.google.com/maps/place/''bout'/data=!4m2!3m1!1s0x60188fab2114db81:0x857f107efefab057,,
Boutique Ushiromae,,https://www.google.com/maps/place/Boutique+Ushiromae/data=!4m2!3m1!1s0x6018f395555ffcb1:0xd1adfb4b6d3c4fcf,,
CVBIN,,https://www.google.com/maps/place/CVBIN/data=!4m2!3m1!1s0x6018f31e20cf8047:0x729ffbc19411d1ef,,
kissmet,,https://www.google.com/maps/place/kissmet/data=!4m2!3m1!1s0x6018f27d21dec025:0xac3678a4eba8de49,,
ÉLÉMENTS,,https://www.google.com/maps/place/%C3%89L%C3%89MENTS/data=!4m2!3m1!1s0x60188b4590e778b9:0x1faacbf2665463a9,,
blue room,,https://www.google.com/maps/place/blue+room/data=!4m2!3m1!1s0x60188de5f050fe25:0xbf850074aa3b68fc,,
BINGO Shibuya MODI Store,,https://www.google.com/maps/place/BINGO+Shibuya+MODI+Store/data=!4m2!3m1!1s0x60188ddab9469e8f:0xf520b750cf4b3c7c,,
10tow(トウ),,https://www.google.com/maps/place/10tow(%E3%83%88%E3%82%A6)/data=!4m2!3m1!1s0x60188ca947a20e6f:0xe785030200f53999,,
Modescape Shibuya,,https://www.google.com/maps/place/Modescape+Shibuya/data=!4m2!3m1!1s0x60188ca8ca527513:0x601edd544f0f23d2,,
SAMUEL FINCH,,https://www.google.com/maps/place/SAMUEL+FINCH/data=!4m2!3m1!1s0x60008f6b739b528b:0x7e45749899c40b2a,,
古着屋 FINCH vintage&archive store,,https://www.google.com/maps/place/%E5%8F%A4%E7%9D%80%E5%B1%8B+FINCH+vintage%26archive+store/data=!4m2!3m1!1s0x6018f33e9c3f7887:0xfd6f4c503b95097c,,
Waves,,https://www.google.com/maps/place/Waves/data=!4m2!3m1!1s0x355aa3c08593629d:0x73542f8b1cb17169,,
Only One,,https://www.google.com/maps/place/Only+One/data=!4m2!3m1!1s0x601893aae553d6b1:0x1644abde0f125d46,,
PAT MARKET IKEBUKURO,,https://www.google.com/maps/place/PAT+MARKET+IKEBUKURO/data=!4m2!3m1!1s0x60188d131da309b1:0x2e25729ddd974c1f,,
Lusty【名古屋 古着屋】,,https://www.google.com/maps/place/Lusty%E3%80%90%E5%90%8D%E5%8F%A4%E5%B1%8B+%E5%8F%A4%E7%9D%80%E5%B1%8B%E3%80%91/data=!4m2!3m1!1s0x600371e688a97ffd:0x3a4985377a4f6de1,,
Coil,,https://www.google.com/maps/place/Coil/data=!4m2!3m1!1s0x6001094ece6beeed:0x702668f19418372b,,
AKO,,https://www.google.com/maps/place/AKO/data=!4m2!3m1!1s0x6000e71b6e1e1799:0x4fa97b64b643197c,,
branche,,https://www.google.com/maps/place/branche/data=!4m2!3m1!1s0x6000e7172864d681:0xb1de59d44f07dea0,,
PAT MARKET,,https://www.google.com/maps/place/PAT+MARKET/data=!4m2!3m1!1s0x6000e700098af1f1:0x599723cce5a112d0,,
スキキライ,,https://www.google.com/maps/place/%E3%82%B9%E3%82%AD%E3%82%AD%E3%83%A9%E3%82%A4/data=!4m2!3m1!1s0x6000e711cbe45555:0x3fe7b1fad27502fc,,
CETTEN 本店 / Archive select,,https://www.google.com/maps/place/CETTEN+%E6%9C%AC%E5%BA%97+%2F+Archive+select/data=!4m2!3m1!1s0x6000e7f44f2386f3:0x50888cf33fa238b9,,
CETTEN サクラビル店 /中崎町古着屋/Nakazaki-cho used clothing shop,,https://www.google.com/maps/place/CETTEN+%E3%82%B5%E3%82%AF%E3%83%A9%E3%83%93%E3%83%AB%E5%BA%97+%2F%E4%B8%AD%E5%B4%8E%E7%94%BA%E5%8F%A4%E7%9D%80%E5%B1%8B%2FNakazaki-cho+used+clothing+shop/data=!4m2!3m1!1s0x6000e7a7028b62e5:0xcaf5df36dfce9be3,,
ele vintage&used clothing,,https://www.google.com/maps/place/ele+vintage%26used+clothing/data=!4m2!3m1!1s0x6000e73ac621e243:0xc7c2b5b3222bacb6,,
PROVIDÉNCE designers archive&vintage clothing,,https://www.google.com/maps/place/PROVID%C3%89NCE+designers+archive%26vintage+clothing/data=!4m2!3m1!1s0x6000e77e5ff0a18d:0x740d502fd6d08bad,,
aaar,,https://www.google.com/maps/place/aaar/data=!4m2!3m1!1s0x60188ba73cdc2015:0x47fc3df2b46d019e,,
DE CHIRICO,,https://www.google.com/maps/place/DE+CHIRICO/data=!4m2!3m1!1s0x60188baab4350df7:0x797780b45ecbb70d,,
BLANK BLACK MARKET,,https://www.google.com/maps/place/BLANK+BLACK+MARKET/data=!4m2!3m1!1s0x6018f35e90d6a2f9:0x18729b9d4a6e9f35,,
NOIR,,https://www.google.com/maps/place/NOIR/data=!4m2!3m1!1s0x6018f4a2504d7445:0xbd6d29bc613c9752,,
HeralDo,,https://www.google.com/maps/place/HeralDo/data=!4m2!3m1!1s0x6018f53912bcb8f1:0x27b980490e348170,,
Grange,,https://www.google.com/maps/place/Grange/data=!4m2!3m1!1s0x6018f38f82a198f9:0x7dd9342bafb5539d,,
charlie（チャーリー）,,https://www.google.com/maps/place/charlie%EF%BC%88%E3%83%81%E3%83%A3%E3%83%BC%E3%83%AA%E3%83%BC%EF%BC%89/data=!4m2!3m1!1s0x6018f31c723bfc75:0xaaaf993bd182e23e,,
ONtheCORNER,,https://www.google.com/maps/place/ONtheCORNER/data=!4m2!3m1!1s0x60185ddc7084570d:0xbfb33dc3bdc0825c,,
fog,,https://www.google.com/maps/place/fog/data=!4m2!3m1!1s0x3553eb9b9f847809:0x1b5158f197926337,,
Archive Store,,https://www.google.com/maps/place/Archive+Store/data=!4m2!3m1!1s0x60188ca891057f49:0x66eca7433db939c3,,
WEBoffline,,https://www.google.com/maps/place/WEBoffline/data=!4m2!3m1!1s0x6018f54d94a17f05:0x8ddac325050fc74c,,
fernweh,,https://www.google.com/maps/place/fernweh/data=!4m2!3m1!1s0x6018f3ca8b7a9f2f:0xa32c7173d1d618b7,,
Carrefour,,https://www.google.com/maps/place/Carrefour/data=!4m2!3m1!1s0x6018f5219f632393:0x15936c809b1ff7b0,,
EROTIC,,https://www.google.com/maps/place/EROTIC/data=!4m2!3m1!1s0x6018f55b9c34fbcf:0xbc285eed017abb22,,
KAKKO,,https://www.google.com/maps/place/KAKKO/data=!4m2!3m1!1s0x6018f301ad50568d:0x288ecce114c3afff,,
ヌーベルノーム,,https://www.google.com/maps/place/%E3%83%8C%E3%83%BC%E3%83%99%E3%83%AB%E3%83%8E%E3%83%BC%E3%83%A0/data=!4m2!3m1!1s0x600370d2ff1a7a07:0x8190601beb7df739,,
kame,,https://www.google.com/maps/place/kame/data=!4m2!3m1!1s0x60188ca89e74ffff:0xfcb31523c076fa28,,
qont,,https://www.google.com/maps/place/qont/data=!4m2!3m1!1s0x60188ca89ddbf649:0xad85545452fdc79b,,
sumday,,https://www.google.com/maps/place/sumday/data=!4m2!3m1!1s0x60188b000a6e2771:0xfa20e374a3504b2b,,
DISSONANCE,,https://www.google.com/maps/place/DISSONANCE/data=!4m2!3m1!1s0x60188c98d0daaaab:0x78dcac843cbcdf33,,
6 ( ロク / roku ),,https://www.google.com/maps/place/6+(+%E3%83%AD%E3%82%AF+%2F+roku+)/data=!4m2!3m1!1s0x60188b4d8624cf55:0x931943809b6ab9ad,,
giorno loobus,,https://www.google.com/maps/place/giorno+loobus/data=!4m2!3m1!1s0x6000e7120b41b231:0x8dcdae6ec80d53bd,,
HYPE,,https://www.google.com/maps/place/HYPE/data=!4m2!3m1!1s0x60010960331e5667:0x804b361e2f4103f7,,
CASANOVA vintage 離れ,,https://www.google.com/maps/place/CASANOVA+vintage+%E9%9B%A2%E3%82%8C/data=!4m2!3m1!1s0x60188d8005844557:0xcb547005b61d98d5,,
gamu store,,https://www.google.com/maps/place/gamu+store/data=!4m2!3m1!1s0x60206d002526c835:0xc876ee8105ab70d5,,
GUILD,,https://www.google.com/maps/place/GUILD/data=!4m2!3m1!1s0x3543bf00207c2c0d:0x2dc54aaf160cb29c,,
kagamirock,,https://www.google.com/maps/place/kagamirock/data=!4m2!3m1!1s0x60188b9d3b5eb185:0x7c9e6667b5e876c7,,
Rat used clothing,,https://www.google.com/maps/place/Rat+used+clothing/data=!4m2!3m1!1s0x355aa33932c15a4b:0x2116302d73f08a67,,
infini Dress/ アンフィニードレス,,https://www.google.com/maps/place/infini+Dress%2F+%E3%82%A2%E3%83%B3%E3%83%95%E3%82%A3%E3%83%8B%E3%83%BC%E3%83%89%E3%83%AC%E3%82%B9/data=!4m2!3m1!1s0x355aa20f00c5bd71:0x51665a974b945086,,
LeeLoo,,https://www.google.com/maps/place/LeeLoo/data=!4m2!3m1!1s0x60188d753ad8aef5:0xbb28722c47edbd9a,,
JizhoH,,https://www.google.com/maps/place/JizhoH/data=!4m2!3m1!1s0x6000e7481b8d310d:0x84d3aaad98ec2430,,
mushroom,,https://www.google.com/maps/place/mushroom/data=!4m2!3m1!1s0x5ff4c99157cc92af:0x26a62e5cda28f73f,,
"35°42'07.5""N 139°39'02.9""E",,"https://www.google.com/maps/search/35.7020768,139.6508039",,
SQUALL _ TOKYO,,https://www.google.com/maps/place/SQUALL+_+TOKYO/data=!4m2!3m1!1s0x6018f3fb7c672a45:0xbfc11e368ecc8c3c,,
EQUAL LAB STORE,,https://www.google.com/maps/place/EQUAL+LAB+STORE/data=!4m2!3m1!1s0x600377004b471261:0x5e7f50fb79c568fe,,
hundred buyers,,https://www.google.com/maps/place/hundred+buyers/data=!4m2!3m1!1s0x60188d69cc4383b5:0x5f0c862515b554b2,,
Bay Apt.,,https://www.google.com/maps/place/Bay+Apt./data=!4m2!3m1!1s0x60188828d4db8799:0x6a43366856fccc87,,
Concept Shop WTS,,https://www.google.com/maps/place/Concept+Shop+WTS/data=!4m2!3m1!1s0x60188de445571293:0x13480a6002c4a120,,
dude 原宿,,https://www.google.com/maps/place/dude+%E5%8E%9F%E5%AE%BF/data=!4m2!3m1!1s0x60188ca3435c16ab:0xd2ebec56d75aea82,,
LOVERZ-10 brand archive & used clothing,,https://www.google.com/maps/place/LOVERZ-10+brand+archive+%26+used+clothing/data=!4m2!3m1!1s0x354191005cb3e813:0x8a83b7a9fbb91da,,
seam used clothing,,https://www.google.com/maps/place/seam+used+clothing/data=!4m2!3m1!1s0x60188be7b155c047:0x4dc17c027720828e,,
HONEY TRAP,,https://www.google.com/maps/place/HONEY+TRAP/data=!4m2!3m1!1s0x355aa3da12ea28cb:0x2d076bf074fcfa6,,
KIOSQUE CC,,https://www.google.com/maps/place/KIOSQUE+CC/data=!4m2!3m1!1s0x60188d0e24290ef1:0xa2a5952c63fe50e,,
sirius_archives,,https://www.google.com/maps/place/sirius_archives/data=!4m2!3m1!1s0x6000e7f03167cc6f:0xba2348e73415adc,,
anns,,https://www.google.com/maps/place/anns/data=!4m2!3m1!1s0x60188b22a84a822f:0x869c2653059e9e0d,,
LUSTY TOKYO,,https://www.google.com/maps/place/LUSTY+TOKYO/data=!4m2!3m1!1s0x60188dd32da795b3:0x2f36ea1d227580a1,,
SULLEN TOKYO,,https://www.google.com/maps/place/SULLEN+TOKYO/data=!4m2!3m1!1s0x60188ca8ca8dce79:0xd9d66dcbfc604e3e,,
Poppinsch,,https://www.google.com/maps/place/Poppinsch/data=!4m2!3m1!1s0x355407b7a8e5105d:0x4f823cfeef57e941,,
awake,,https://www.google.com/maps/place/awake/data=!4m2!3m1!1s0x355aa3d64d94dcd9:0xb208f6d9a5a74eba,,
